<Footprint name="SMA" >
  <Units type="mils" precision="3" />
  <Extents minX="-2365" minY="-2508.5" width="4050.5" height="4180" />
  <Padstack name="RX87Y67D0T" type="single" > 
    <Layers>
      <Layer name="TOP" >
        <Pad shape="rectangle" width="87" height="67" /> 
      </Layer>
      <Layer name="PASTEMASK_TOP" >
        <Pad shape="rectangle" width="87" height="67" /> 
      </Layer>
      <Layer name="SOLDERMASK_TOP" >
        <Pad shape="rectangle" width="87" height="67" /> 
      </Layer>
    </Layers>
  </Padstack>

  <Padstack name="RX87Y67D0T" type="single" > 
    <Layers>
      <Layer name="TOP" >
        <Pad shape="rectangle" width="87" height="67" /> 
      </Layer>
      <Layer name="PASTEMASK_TOP" >
        <Pad shape="rectangle" width="87" height="67" /> 
      </Layer>
      <Layer name="SOLDERMASK_TOP" >
        <Pad shape="rectangle" width="87" height="67" /> 
      </Layer>
    </Layers>
  </Padstack>
  <TextBlocks>
    <TextBlock name="17" width="6.25" height="25" lineSpacing="25" characterSpacing="6.25" /> 
  </TextBlocks>

  <Pins>
    <Pin number="1" padName="RX87Y67D0T" originX="-76" originY="0" rotation="0" isMechanical="no" textBlockName="17" />
    <Pin number="2" padName="RX87Y67D0T" originX="76" originY="0" rotation="0" isMechanical="no" textBlockName="17" />
  </Pins>
  <Vias>
  </Vias>
  <Layers>
    <Layer name="PACKAGE GEOMETRY/ASSEMBLY_TOP" packageHeight="104" >
      <Path lineWidth="0" type="line" >
        <Point x="-90.5" y="-32.5" />
        <Point x="-90.5" y="32.5" />
      </Path>
    </Layer>
    <Layer name="PACKAGE GEOMETRY/ASSEMBLY_TOP" packageHeight="104" >
      <Path lineWidth="0" type="line" >
        <Point x="-90.5" y="32.5" />
        <Point x="-105.5" y="32.5" />
      </Path>
    </Layer>
    <Layer name="PACKAGE GEOMETRY/ASSEMBLY_TOP" packageHeight="104" >
      <Path lineWidth="0" type="line" >
        <Point x="-105.5" y="32.5" />
        <Point x="-105.5" y="-32.5" />
      </Path>
    </Layer>
    <Layer name="PACKAGE GEOMETRY/ASSEMBLY_TOP" packageHeight="104" >
      <Path lineWidth="0" type="line" >
        <Point x="-105.5" y="-32.5" />
        <Point x="-90.5" y="-32.5" />
      </Path>
    </Layer>
    <Layer name="PACKAGE GEOMETRY/ASSEMBLY_TOP" packageHeight="104" >
      <Path lineWidth="0" type="line" >
        <Point x="90.5" y="32.5" />
        <Point x="90.5" y="-32.5" />
      </Path>
    </Layer>
    <Layer name="PACKAGE GEOMETRY/ASSEMBLY_TOP" packageHeight="104" >
      <Path lineWidth="0" type="line" >
        <Point x="90.5" y="-32.5" />
        <Point x="105.5" y="-32.5" />
      </Path>
    </Layer>
    <Layer name="PACKAGE GEOMETRY/ASSEMBLY_TOP" packageHeight="104" >
      <Path lineWidth="0" type="line" >
        <Point x="105.5" y="-32.5" />
        <Point x="105.5" y="32.5" />
      </Path>
    </Layer>
    <Layer name="PACKAGE GEOMETRY/ASSEMBLY_TOP" packageHeight="104" >
      <Path lineWidth="0" type="line" >
        <Point x="105.5" y="32.5" />
        <Point x="90.5" y="32.5" />
      </Path>
    </Layer>
    <Layer name="VIA KEEPOUT/TOP" packageHeight="104" >
      <Path lineWidth="6" type="shape" >
        <Point x="-30.5" y="55" />
        <Point x="30.5" y="55" />
        <Point x="30.5" y="-55" />
        <Point x="-30.5" y="-55" />
        <Point x="-30.5" y="55" />
      </Path>
    </Layer>
    <Layer name="ROUTE KEEPOUT/TOP" packageHeight="104" >
      <Path lineWidth="6" type="shape" >
        <Point x="-30.5" y="55" />
        <Point x="30.5" y="55" />
        <Point x="30.5" y="-55" />
        <Point x="-30.5" y="-55" />
        <Point x="-30.5" y="55" />
      </Path>
    </Layer>
    <Layer name="ROUTE KEEPOUT/TOP" packageHeight="104" >
      <Path lineWidth="6" type="shape" >
        <Point x="-30.5" y="55" />
        <Point x="30.5" y="55" />
        <Point x="30.5" y="-55" />
        <Point x="-30.5" y="-55" />
        <Point x="-30.5" y="55" />
      </Path>
    </Layer>
    <Layer name="PACKAGE GEOMETRY/PLACE_BOUND_TOP" packageHeight="104" packageHeightMin="8">
      <Path lineWidth="6" type="shape" >
        <Point x="-129.5" y="-43.5" />
        <Point x="-129.5" y="43.5" />
        <Point x="-100.5" y="43.5" />
        <Point x="-100.5" y="67" />
        <Point x="100.5" y="67" />
        <Point x="100.5" y="43.5" />
        <Point x="129.5" y="43.5" />
        <Point x="129.5" y="-43.5" />
        <Point x="100.5" y="-43.5" />
        <Point x="100.5" y="-67" />
        <Point x="-100.5" y="-67" />
        <Point x="-100.5" y="-43.5" />
        <Point x="-129.5" y="-43.5" />
      </Path>
    </Layer>
    <Layer name="MANUFACTURING/NO_PROBE_TOP" packageHeight="104" >
      <Path lineWidth="6" type="shape" >
        <Point x="-134.5" y="-72" />
        <Point x="-134.5" y="72" />
        <Point x="134.5" y="72" />
        <Point x="134.5" y="-72" />
        <Point x="-134.5" y="-72" />
      </Path>
    </Layer>
    <Layer name="REF DES/SILKSCREEN_TOP" packageHeight="104" >
      <Label layer="REF DES/SILKSCREEN_TOP" textBlock="3" angle="0" x="0" y="-25" text="Ref" justify="center" />
    </Layer>
    <Layer name="DEVICE TYPE/SILKSCREEN_TOP" packageHeight="104" >
      <Label layer="DEVICE TYPE/SILKSCREEN_TOP" textBlock="3" angle="0" x="0" y="-25" text="Dev" justify="center" />
    </Layer>
    <Layer name="USER PART NUMBER/SILKSCREEN_TOP" packageHeight="104" >
      <Label layer="USER PART NUMBER/SILKSCREEN_TOP" textBlock="3" angle="0" x="0" y="-25" text="PN" justify="center" />
    </Layer>
    <Layer name="DEVICE TYPE/ASSEMBLY_TOP" packageHeight="104" >
      <Label layer="DEVICE TYPE/ASSEMBLY_TOP" textBlock="3" angle="0" x="0" y="-25" text="DEV" justify="center" />
    </Layer>
    <Layer name="COMPONENT VALUE/SILKSCREEN_TOP" packageHeight="104" >
      <Label layer="COMPONENT VALUE/SILKSCREEN_TOP" textBlock="3" angle="0" x="0" y="-25" text="VAL" justify="center" />
    </Layer>
    <Layer name="TOLERANCE/SILKSCREEN_TOP" packageHeight="104" >
      <Label layer="TOLERANCE/SILKSCREEN_TOP" textBlock="3" angle="0" x="0" y="-25" text="TOL" justify="center" />
    </Layer>
    <Layer name="REF DES/ASSEMBLY_TOP" packageHeight="104" >
      <Label layer="REF DES/ASSEMBLY_TOP" textBlock="3" angle="0" x="0" y="-25" text="Ref" justify="center" />
    </Layer>
    <Layer name="PACKAGE GEOMETRY/ASSEMBLY_TOP" packageHeight="104" >
      <Path lineWidth="0" type="line" >
        <Point x="-144.5" y="0" />
        <Point x="-194.5" y="0" />
      </Path>
    </Layer>
    <Layer name="PACKAGE GEOMETRY/ASSEMBLY_TOP" packageHeight="104" >
      <Path lineWidth="0" type="line" >
        <Point x="-184.5" y="25" />
        <Point x="-184.5" y="-25" />
      </Path>
    </Layer>
    <Layer name="PACKAGE GEOMETRY/ASSEMBLY_TOP" packageHeight="104" >
      <Path lineWidth="0" type="line" >
        <Point x="-184.5" y="0" />
        <Point x="-154.5" y="25" />
      </Path>
    </Layer>
    <Layer name="PACKAGE GEOMETRY/ASSEMBLY_TOP" packageHeight="104" >
      <Path lineWidth="0" type="line" >
        <Point x="-184.5" y="0" />
        <Point x="-154.5" y="20" />
      </Path>
    </Layer>
    <Layer name="PACKAGE GEOMETRY/ASSEMBLY_TOP" packageHeight="104" >
      <Path lineWidth="0" type="line" >
        <Point x="-184.5" y="0" />
        <Point x="-154.5" y="15" />
      </Path>
    </Layer>
    <Layer name="PACKAGE GEOMETRY/ASSEMBLY_TOP" packageHeight="104" >
      <Path lineWidth="0" type="line" >
        <Point x="-184.5" y="0" />
        <Point x="-154.5" y="10" />
      </Path>
    </Layer>
    <Layer name="PACKAGE GEOMETRY/ASSEMBLY_TOP" packageHeight="104" >
      <Path lineWidth="0" type="line" >
        <Point x="-184.5" y="0" />
        <Point x="-154.5" y="5" />
      </Path>
    </Layer>
    <Layer name="PACKAGE GEOMETRY/ASSEMBLY_TOP" packageHeight="104" >
      <Path lineWidth="0" type="line" >
        <Point x="-184.5" y="0" />
        <Point x="-154.5" y="-25" />
      </Path>
    </Layer>
    <Layer name="PACKAGE GEOMETRY/ASSEMBLY_TOP" packageHeight="104" >
      <Path lineWidth="0" type="line" >
        <Point x="-184.5" y="0" />
        <Point x="-154.5" y="-20" />
      </Path>
    </Layer>
    <Layer name="PACKAGE GEOMETRY/ASSEMBLY_TOP" packageHeight="104" >
      <Path lineWidth="0" type="line" >
        <Point x="-184.5" y="0" />
        <Point x="-154.5" y="-15" />
      </Path>
    </Layer>
    <Layer name="PACKAGE GEOMETRY/ASSEMBLY_TOP" packageHeight="104" >
      <Path lineWidth="0" type="line" >
        <Point x="-184.5" y="0" />
        <Point x="-154.5" y="-10" />
      </Path>
    </Layer>
    <Layer name="PACKAGE GEOMETRY/ASSEMBLY_TOP" packageHeight="104" >
      <Path lineWidth="0" type="line" >
        <Point x="-184.5" y="0" />
        <Point x="-154.5" y="-5" />
      </Path>
    </Layer>
    <Layer name="PACKAGE GEOMETRY/ASSEMBLY_TOP" packageHeight="104" >
      <Path lineWidth="0" type="line" >
        <Point x="-154.5" y="25" />
        <Point x="-154.5" y="-25" />
      </Path>
    </Layer>
    <Layer name="PACKAGE GEOMETRY/SILKSCREEN_TOP" packageHeight="104" >
      <Path lineWidth="6" type="line" >
        <Point x="-144.5" y="0" />
        <Point x="-194.5" y="0" />
      </Path>
    </Layer>
    <Layer name="PACKAGE GEOMETRY/SILKSCREEN_TOP" packageHeight="104" >
      <Path lineWidth="6" type="line" >
        <Point x="-184.5" y="25" />
        <Point x="-184.5" y="-25" />
      </Path>
    </Layer>
    <Layer name="PACKAGE GEOMETRY/SILKSCREEN_TOP" packageHeight="104" >
      <Path lineWidth="6" type="line" >
        <Point x="-184.5" y="0" />
        <Point x="-154.5" y="25" />
      </Path>
    </Layer>
    <Layer name="PACKAGE GEOMETRY/SILKSCREEN_TOP" packageHeight="104" >
      <Path lineWidth="6" type="line" >
        <Point x="-184.5" y="0" />
        <Point x="-154.5" y="20" />
      </Path>
    </Layer>
    <Layer name="PACKAGE GEOMETRY/SILKSCREEN_TOP" packageHeight="104" >
      <Path lineWidth="6" type="line" >
        <Point x="-184.5" y="0" />
        <Point x="-154.5" y="15" />
      </Path>
    </Layer>
    <Layer name="PACKAGE GEOMETRY/SILKSCREEN_TOP" packageHeight="104" >
      <Path lineWidth="6" type="line" >
        <Point x="-184.5" y="0" />
        <Point x="-154.5" y="10" />
      </Path>
    </Layer>
    <Layer name="PACKAGE GEOMETRY/SILKSCREEN_TOP" packageHeight="104" >
      <Path lineWidth="6" type="line" >
        <Point x="-184.5" y="0" />
        <Point x="-154.5" y="5" />
      </Path>
    </Layer>
    <Layer name="PACKAGE GEOMETRY/SILKSCREEN_TOP" packageHeight="104" >
      <Path lineWidth="6" type="line" >
        <Point x="-184.5" y="0" />
        <Point x="-154.5" y="-25" />
      </Path>
    </Layer>
    <Layer name="PACKAGE GEOMETRY/SILKSCREEN_TOP" packageHeight="104" >
      <Path lineWidth="6" type="line" >
        <Point x="-184.5" y="0" />
        <Point x="-154.5" y="-20" />
      </Path>
    </Layer>
    <Layer name="PACKAGE GEOMETRY/SILKSCREEN_TOP" packageHeight="104" >
      <Path lineWidth="6" type="line" >
        <Point x="-184.5" y="0" />
        <Point x="-154.5" y="-15" />
      </Path>
    </Layer>
    <Layer name="PACKAGE GEOMETRY/SILKSCREEN_TOP" packageHeight="104" >
      <Path lineWidth="6" type="line" >
        <Point x="-184.5" y="0" />
        <Point x="-154.5" y="-10" />
      </Path>
    </Layer>
    <Layer name="PACKAGE GEOMETRY/SILKSCREEN_TOP" packageHeight="104" >
      <Path lineWidth="6" type="line" >
        <Point x="-184.5" y="0" />
        <Point x="-154.5" y="-5" />
      </Path>
    </Layer>
    <Layer name="PACKAGE GEOMETRY/SILKSCREEN_TOP" packageHeight="104" >
      <Path lineWidth="6" type="line" >
        <Point x="-154.5" y="25" />
        <Point x="-154.5" y="-25" />
      </Path>
    </Layer>
    <Layer name="PACKAGE GEOMETRY/ASSEMBLY_TOP" packageHeight="104" >
      <Path lineWidth="0" type="line" >
        <Point x="-90.5" y="28.5" />
        <Point x="-62" y="57" />
      </Path>
    </Layer>
    <Layer name="PACKAGE GEOMETRY/ASSEMBLY_TOP" packageHeight="104" >
      <Path lineWidth="0" type="line" >
        <Point x="-90.5" y="-28.5" />
        <Point x="-62" y="-57" />
      </Path>
    </Layer>
    <Layer name="PACKAGE GEOMETRY/SILKSCREEN_TOP" packageHeight="104" >
      <Path lineWidth="6" type="line" >
        <Point x="-95.5" y="-62" />
        <Point x="95.5" y="-62" />
      </Path>
    </Layer>
    <Layer name="PACKAGE GEOMETRY/SILKSCREEN_TOP" packageHeight="104" >
      <Path lineWidth="6" type="line" >
        <Point x="95.5" y="-62" />
        <Point x="95.5" y="-46.6" />
      </Path>
    </Layer>
    <Layer name="PACKAGE GEOMETRY/SILKSCREEN_TOP" packageHeight="104" >
      <Path lineWidth="6" type="line" >
        <Point x="95.5" y="62" />
        <Point x="-95.5" y="62" />
      </Path>
    </Layer>
    <Layer name="PACKAGE GEOMETRY/SILKSCREEN_TOP" packageHeight="104" >
      <Path lineWidth="6" type="line" >
        <Point x="-95.5" y="62" />
        <Point x="-95.5" y="46.6" />
      </Path>
    </Layer>
    <Layer name="PACKAGE GEOMETRY/ASSEMBLY_TOP" packageHeight="104" >
      <Path lineWidth="0" type="line" >
        <Point x="-90.5" y="-57" />
        <Point x="90.5" y="-57" />
      </Path>
    </Layer>
    <Layer name="PACKAGE GEOMETRY/ASSEMBLY_TOP" packageHeight="104" >
      <Path lineWidth="0" type="line" >
        <Point x="90.5" y="-57" />
        <Point x="90.5" y="57" />
      </Path>
    </Layer>
    <Layer name="PACKAGE GEOMETRY/ASSEMBLY_TOP" packageHeight="104" >
      <Path lineWidth="0" type="line" >
        <Point x="90.5" y="57" />
        <Point x="-90.5" y="57" />
      </Path>
    </Layer>
    <Layer name="PACKAGE GEOMETRY/ASSEMBLY_TOP" packageHeight="104" >
      <Path lineWidth="0" type="line" >
        <Point x="-90.5" y="57" />
        <Point x="-90.5" y="-57" />
      </Path>
    </Layer>
    <Layer name="PACKAGE GEOMETRY/SILKSCREEN_TOP" packageHeight="104" >
      <Path lineWidth="6" type="line" >
        <Point x="-95.5" y="-46.6" />
        <Point x="-95.5" y="-62" />
      </Path>
    </Layer>
    <Layer name="PACKAGE GEOMETRY/SILKSCREEN_TOP" packageHeight="104" >
      <Path lineWidth="6" type="line" >
        <Point x="95.5" y="46.6" />
        <Point x="95.5" y="62" />
      </Path>
    </Layer>
  </Layers>
</Footprint>
