<Footprint name="MF05A-M" >
  <Units type="mils" precision="3" />
  <Extents minX="-2545" minY="-2439" width="4073" height="4126" />
  <Padstack name="RX62Y24D0T" type="single" > 
    <Layers>
      <Layer name="TOP" >
        <Pad shape="rectangle" width="62" height="24" /> 
      </Layer>
      <Layer name="PASTEMASK_TOP" >
        <Pad shape="rectangle" width="62" height="24" /> 
      </Layer>
      <Layer name="SOLDERMASK_TOP" >
        <Pad shape="rectangle" width="62" height="24" /> 
      </Layer>
    </Layers>
  </Padstack>

  <Padstack name="RX62Y24D0T" type="single" > 
    <Layers>
      <Layer name="TOP" >
        <Pad shape="rectangle" width="62" height="24" /> 
      </Layer>
      <Layer name="PASTEMASK_TOP" >
        <Pad shape="rectangle" width="62" height="24" /> 
      </Layer>
      <Layer name="SOLDERMASK_TOP" >
        <Pad shape="rectangle" width="62" height="24" /> 
      </Layer>
    </Layers>
  </Padstack>
  <TextBlocks>
    <TextBlock name="17" width="6.25" height="25" lineSpacing="25" characterSpacing="6.25" /> 
  </TextBlocks>

  <Pins>
    <Pin number="1" padName="RX62Y24D0T" originX="-50" originY="37.5" rotation="0" isMechanical="no" textBlockName="17" />
    <Pin number="2" padName="RX62Y24D0T" originX="-50" originY="0" rotation="0" isMechanical="no" textBlockName="17" />
    <Pin number="3" padName="RX62Y24D0T" originX="-50" originY="-37.5" rotation="0" isMechanical="no" textBlockName="17" />
    <Pin number="4" padName="RX62Y24D0T" originX="50" originY="-37.5" rotation="0" isMechanical="no" textBlockName="17" />
    <Pin number="5" padName="RX62Y24D0T" originX="50" originY="37.5" rotation="0" isMechanical="no" textBlockName="17" />
  </Pins>
  <Vias>
  </Vias>
  <Layers>
    <Layer name="PACKAGE GEOMETRY/ASSEMBLY_TOP" packageHeight="48" >
      <Path lineWidth="0" type="line" >
        <Point x="-33" y="27.5" />
        <Point x="-33" y="47.5" />
      </Path>
    </Layer>
    <Layer name="PACKAGE GEOMETRY/ASSEMBLY_TOP" packageHeight="48" >
      <Path lineWidth="0" type="line" >
        <Point x="-33" y="47.5" />
        <Point x="-59" y="47.5" />
      </Path>
    </Layer>
    <Layer name="PACKAGE GEOMETRY/ASSEMBLY_TOP" packageHeight="48" >
      <Path lineWidth="0" type="line" >
        <Point x="-59" y="47.5" />
        <Point x="-59" y="27.5" />
      </Path>
    </Layer>
    <Layer name="PACKAGE GEOMETRY/ASSEMBLY_TOP" packageHeight="48" >
      <Path lineWidth="0" type="line" >
        <Point x="-59" y="27.5" />
        <Point x="-33" y="27.5" />
      </Path>
    </Layer>
    <Layer name="PACKAGE GEOMETRY/ASSEMBLY_TOP" packageHeight="48" >
      <Path lineWidth="0" type="line" >
        <Point x="-33" y="-10" />
        <Point x="-33" y="10" />
      </Path>
    </Layer>
    <Layer name="PACKAGE GEOMETRY/ASSEMBLY_TOP" packageHeight="48" >
      <Path lineWidth="0" type="line" >
        <Point x="-33" y="10" />
        <Point x="-59" y="10" />
      </Path>
    </Layer>
    <Layer name="PACKAGE GEOMETRY/ASSEMBLY_TOP" packageHeight="48" >
      <Path lineWidth="0" type="line" >
        <Point x="-59" y="10" />
        <Point x="-59" y="-10" />
      </Path>
    </Layer>
    <Layer name="PACKAGE GEOMETRY/ASSEMBLY_TOP" packageHeight="48" >
      <Path lineWidth="0" type="line" >
        <Point x="-59" y="-10" />
        <Point x="-33" y="-10" />
      </Path>
    </Layer>
    <Layer name="PACKAGE GEOMETRY/ASSEMBLY_TOP" packageHeight="48" >
      <Path lineWidth="0" type="line" >
        <Point x="-33" y="-47.5" />
        <Point x="-33" y="-27.5" />
      </Path>
    </Layer>
    <Layer name="PACKAGE GEOMETRY/ASSEMBLY_TOP" packageHeight="48" >
      <Path lineWidth="0" type="line" >
        <Point x="-33" y="-27.5" />
        <Point x="-59" y="-27.5" />
      </Path>
    </Layer>
    <Layer name="PACKAGE GEOMETRY/ASSEMBLY_TOP" packageHeight="48" >
      <Path lineWidth="0" type="line" >
        <Point x="-59" y="-27.5" />
        <Point x="-59" y="-47.5" />
      </Path>
    </Layer>
    <Layer name="PACKAGE GEOMETRY/ASSEMBLY_TOP" packageHeight="48" >
      <Path lineWidth="0" type="line" >
        <Point x="-59" y="-47.5" />
        <Point x="-33" y="-47.5" />
      </Path>
    </Layer>
    <Layer name="PACKAGE GEOMETRY/ASSEMBLY_TOP" packageHeight="48" >
      <Path lineWidth="0" type="line" >
        <Point x="33" y="-27.5" />
        <Point x="33" y="-47.5" />
      </Path>
    </Layer>
    <Layer name="PACKAGE GEOMETRY/ASSEMBLY_TOP" packageHeight="48" >
      <Path lineWidth="0" type="line" >
        <Point x="33" y="-47.5" />
        <Point x="59" y="-47.5" />
      </Path>
    </Layer>
    <Layer name="PACKAGE GEOMETRY/ASSEMBLY_TOP" packageHeight="48" >
      <Path lineWidth="0" type="line" >
        <Point x="59" y="-47.5" />
        <Point x="59" y="-27.5" />
      </Path>
    </Layer>
    <Layer name="PACKAGE GEOMETRY/ASSEMBLY_TOP" packageHeight="48" >
      <Path lineWidth="0" type="line" >
        <Point x="59" y="-27.5" />
        <Point x="33" y="-27.5" />
      </Path>
    </Layer>
    <Layer name="PACKAGE GEOMETRY/ASSEMBLY_TOP" packageHeight="48" >
      <Path lineWidth="0" type="line" >
        <Point x="33" y="47.5" />
        <Point x="33" y="27.5" />
      </Path>
    </Layer>
    <Layer name="PACKAGE GEOMETRY/ASSEMBLY_TOP" packageHeight="48" >
      <Path lineWidth="0" type="line" >
        <Point x="33" y="27.5" />
        <Point x="59" y="27.5" />
      </Path>
    </Layer>
    <Layer name="PACKAGE GEOMETRY/ASSEMBLY_TOP" packageHeight="48" >
      <Path lineWidth="0" type="line" >
        <Point x="59" y="27.5" />
        <Point x="59" y="47.5" />
      </Path>
    </Layer>
    <Layer name="PACKAGE GEOMETRY/ASSEMBLY_TOP" packageHeight="48" >
      <Path lineWidth="0" type="line" >
        <Point x="59" y="47.5" />
        <Point x="33" y="47.5" />
      </Path>
    </Layer>
    <Layer name="PACKAGE GEOMETRY/PLACE_BOUND_TOP" packageHeight="48" packageHeightMin="2">
      <Path lineWidth="6" type="shape" >
        <Point x="-53" y="-79" />
        <Point x="-53" y="-69.5" />
        <Point x="-109" y="-69.5" />
        <Point x="-109" y="69.5" />
        <Point x="-53" y="69.5" />
        <Point x="-53" y="79" />
        <Point x="53" y="79" />
        <Point x="53" y="69.5" />
        <Point x="109" y="69.5" />
        <Point x="109" y="-69.5" />
        <Point x="53" y="-69.5" />
        <Point x="53" y="-79" />
        <Point x="-53" y="-79" />
      </Path>
    </Layer>
    <Layer name="MANUFACTURING/NO_PROBE_TOP" packageHeight="48" >
      <Path lineWidth="6" type="shape" >
        <Point x="116" y="94" />
        <Point x="-116" y="94" />
        <Point x="-116" y="-94" />
        <Point x="116" y="-94" />
        <Point x="116" y="94" />
      </Path>
    </Layer>
    <Layer name="REF DES/SILKSCREEN_TOP" packageHeight="48" >
      <Label layer="REF DES/SILKSCREEN_TOP" textBlock="3" angle="0" x="0" y="-25" text="Ref" justify="center" />
    </Layer>
    <Layer name="DEVICE TYPE/SILKSCREEN_TOP" packageHeight="48" >
      <Label layer="DEVICE TYPE/SILKSCREEN_TOP" textBlock="3" angle="0" x="0" y="-25" text="Dev" justify="center" />
    </Layer>
    <Layer name="USER PART NUMBER/SILKSCREEN_TOP" packageHeight="48" >
      <Label layer="USER PART NUMBER/SILKSCREEN_TOP" textBlock="3" angle="0" x="0" y="-25" text="PN" justify="center" />
    </Layer>
    <Layer name="DEVICE TYPE/ASSEMBLY_TOP" packageHeight="48" >
      <Label layer="DEVICE TYPE/ASSEMBLY_TOP" textBlock="3" angle="0" x="0" y="-25" text="DEV" justify="center" />
    </Layer>
    <Layer name="COMPONENT VALUE/SILKSCREEN_TOP" packageHeight="48" >
      <Label layer="COMPONENT VALUE/SILKSCREEN_TOP" textBlock="3" angle="0" x="0" y="-25" text="VAL" justify="center" />
    </Layer>
    <Layer name="TOLERANCE/SILKSCREEN_TOP" packageHeight="48" >
      <Label layer="TOLERANCE/SILKSCREEN_TOP" textBlock="3" angle="0" x="0" y="-25" text="TOL" justify="center" />
    </Layer>
    <Layer name="REF DES/ASSEMBLY_TOP" packageHeight="48" >
      <Label layer="REF DES/ASSEMBLY_TOP" textBlock="3" angle="0" x="0" y="-25" text="Ref" justify="center" />
    </Layer>
    <Layer name="PACKAGE GEOMETRY/ASSEMBLY_TOP" packageHeight="48" >
      <Label layer="PACKAGE GEOMETRY/ASSEMBLY_TOP" textBlock="3" angle="0" x="-23" y="94.5" text="*" justify="center" />
    </Layer>
    <Layer name="PACKAGE GEOMETRY/SILKSCREEN_TOP" packageHeight="48" >
      <Label layer="PACKAGE GEOMETRY/SILKSCREEN_TOP" textBlock="3" angle="0" x="-60" y="114.5" text="*" justify="center" />
    </Layer>
    <Layer name="PACKAGE GEOMETRY/SILKSCREEN_TOP" packageHeight="48" >
      <Path lineWidth="6" type="line" >
        <Point x="-38" y="-64" />
        <Point x="38" y="-64" />
      </Path>
    </Layer>
    <Layer name="PACKAGE GEOMETRY/SILKSCREEN_TOP" packageHeight="48" >
      <Path lineWidth="6" type="line" >
        <Point x="38" y="-12.4" />
        <Point x="38" y="12.4" />
      </Path>
    </Layer>
    <Layer name="PACKAGE GEOMETRY/SILKSCREEN_TOP" packageHeight="48" >
      <Path lineWidth="6" type="line" >
        <Point x="38" y="64" />
        <Point x="-38" y="64" />
      </Path>
    </Layer>
    <Layer name="PACKAGE GEOMETRY/ASSEMBLY_TOP" packageHeight="48" >
      <Path lineWidth="0" type="line" >
        <Point x="-33" y="-59" />
        <Point x="33" y="-59" />
      </Path>
    </Layer>
    <Layer name="PACKAGE GEOMETRY/ASSEMBLY_TOP" packageHeight="48" >
      <Path lineWidth="0" type="line" >
        <Point x="33" y="-59" />
        <Point x="33" y="59" />
      </Path>
    </Layer>
    <Layer name="PACKAGE GEOMETRY/ASSEMBLY_TOP" packageHeight="48" >
      <Path lineWidth="0" type="line" >
        <Point x="33" y="59" />
        <Point x="-33" y="59" />
      </Path>
    </Layer>
    <Layer name="PACKAGE GEOMETRY/ASSEMBLY_TOP" packageHeight="48" >
      <Path lineWidth="0" type="line" >
        <Point x="-33" y="59" />
        <Point x="-33" y="-59" />
      </Path>
    </Layer>
  </Layers>
</Footprint>
