<Footprint name="MF05A-L" >
  <Units type="mils" precision="3" />
  <Extents minX="-2541" minY="-2439" width="4069" height="4126" />
  <Padstack name="RX38Y20D0T" type="single" > 
    <Layers>
      <Layer name="TOP" >
        <Pad shape="rectangle" width="38" height="20" /> 
      </Layer>
      <Layer name="PASTEMASK_TOP" >
        <Pad shape="rectangle" width="38" height="20" /> 
      </Layer>
      <Layer name="SOLDERMASK_TOP" >
        <Pad shape="rectangle" width="38" height="20" /> 
      </Layer>
    </Layers>
  </Padstack>

  <Padstack name="RX38Y20D0T" type="single" > 
    <Layers>
      <Layer name="TOP" >
        <Pad shape="rectangle" width="38" height="20" /> 
      </Layer>
      <Layer name="PASTEMASK_TOP" >
        <Pad shape="rectangle" width="38" height="20" /> 
      </Layer>
      <Layer name="SOLDERMASK_TOP" >
        <Pad shape="rectangle" width="38" height="20" /> 
      </Layer>
    </Layers>
  </Padstack>
  <TextBlocks>
    <TextBlock name="17" width="6.25" height="25" lineSpacing="25" characterSpacing="6.25" /> 
  </TextBlocks>

  <Pins>
    <Pin number="1" padName="RX38Y20D0T" originX="-46" originY="37.5" rotation="0" isMechanical="no" textBlockName="17" />
    <Pin number="2" padName="RX38Y20D0T" originX="-46" originY="0" rotation="0" isMechanical="no" textBlockName="17" />
    <Pin number="3" padName="RX38Y20D0T" originX="-46" originY="-37.5" rotation="0" isMechanical="no" textBlockName="17" />
    <Pin number="4" padName="RX38Y20D0T" originX="46" originY="-37.5" rotation="0" isMechanical="no" textBlockName="17" />
    <Pin number="5" padName="RX38Y20D0T" originX="46" originY="37.5" rotation="0" isMechanical="no" textBlockName="17" />
  </Pins>
  <Vias>
  </Vias>
  <Layers>
    <Layer name="PACKAGE GEOMETRY/ASSEMBLY_TOP" packageHeight="48" >
      <Path lineWidth="0" type="line" >
        <Point x="-33" y="27.5" />
        <Point x="-33" y="47.5" />
      </Path>
    </Layer>
    <Layer name="PACKAGE GEOMETRY/ASSEMBLY_TOP" packageHeight="48" >
      <Path lineWidth="0" type="line" >
        <Point x="-33" y="47.5" />
        <Point x="-59" y="47.5" />
      </Path>
    </Layer>
    <Layer name="PACKAGE GEOMETRY/ASSEMBLY_TOP" packageHeight="48" >
      <Path lineWidth="0" type="line" >
        <Point x="-59" y="47.5" />
        <Point x="-59" y="27.5" />
      </Path>
    </Layer>
    <Layer name="PACKAGE GEOMETRY/ASSEMBLY_TOP" packageHeight="48" >
      <Path lineWidth="0" type="line" >
        <Point x="-59" y="27.5" />
        <Point x="-33" y="27.5" />
      </Path>
    </Layer>
    <Layer name="PACKAGE GEOMETRY/ASSEMBLY_TOP" packageHeight="48" >
      <Path lineWidth="0" type="line" >
        <Point x="-33" y="-10" />
        <Point x="-33" y="10" />
      </Path>
    </Layer>
    <Layer name="PACKAGE GEOMETRY/ASSEMBLY_TOP" packageHeight="48" >
      <Path lineWidth="0" type="line" >
        <Point x="-33" y="10" />
        <Point x="-59" y="10" />
      </Path>
    </Layer>
    <Layer name="PACKAGE GEOMETRY/ASSEMBLY_TOP" packageHeight="48" >
      <Path lineWidth="0" type="line" >
        <Point x="-59" y="10" />
        <Point x="-59" y="-10" />
      </Path>
    </Layer>
    <Layer name="PACKAGE GEOMETRY/ASSEMBLY_TOP" packageHeight="48" >
      <Path lineWidth="0" type="line" >
        <Point x="-59" y="-10" />
        <Point x="-33" y="-10" />
      </Path>
    </Layer>
    <Layer name="PACKAGE GEOMETRY/ASSEMBLY_TOP" packageHeight="48" >
      <Path lineWidth="0" type="line" >
        <Point x="-33" y="-47.5" />
        <Point x="-33" y="-27.5" />
      </Path>
    </Layer>
    <Layer name="PACKAGE GEOMETRY/ASSEMBLY_TOP" packageHeight="48" >
      <Path lineWidth="0" type="line" >
        <Point x="-33" y="-27.5" />
        <Point x="-59" y="-27.5" />
      </Path>
    </Layer>
    <Layer name="PACKAGE GEOMETRY/ASSEMBLY_TOP" packageHeight="48" >
      <Path lineWidth="0" type="line" >
        <Point x="-59" y="-27.5" />
        <Point x="-59" y="-47.5" />
      </Path>
    </Layer>
    <Layer name="PACKAGE GEOMETRY/ASSEMBLY_TOP" packageHeight="48" >
      <Path lineWidth="0" type="line" >
        <Point x="-59" y="-47.5" />
        <Point x="-33" y="-47.5" />
      </Path>
    </Layer>
    <Layer name="PACKAGE GEOMETRY/ASSEMBLY_TOP" packageHeight="48" >
      <Path lineWidth="0" type="line" >
        <Point x="33" y="-27.5" />
        <Point x="33" y="-47.5" />
      </Path>
    </Layer>
    <Layer name="PACKAGE GEOMETRY/ASSEMBLY_TOP" packageHeight="48" >
      <Path lineWidth="0" type="line" >
        <Point x="33" y="-47.5" />
        <Point x="59" y="-47.5" />
      </Path>
    </Layer>
    <Layer name="PACKAGE GEOMETRY/ASSEMBLY_TOP" packageHeight="48" >
      <Path lineWidth="0" type="line" >
        <Point x="59" y="-47.5" />
        <Point x="59" y="-27.5" />
      </Path>
    </Layer>
    <Layer name="PACKAGE GEOMETRY/ASSEMBLY_TOP" packageHeight="48" >
      <Path lineWidth="0" type="line" >
        <Point x="59" y="-27.5" />
        <Point x="33" y="-27.5" />
      </Path>
    </Layer>
    <Layer name="PACKAGE GEOMETRY/ASSEMBLY_TOP" packageHeight="48" >
      <Path lineWidth="0" type="line" >
        <Point x="33" y="47.5" />
        <Point x="33" y="27.5" />
      </Path>
    </Layer>
    <Layer name="PACKAGE GEOMETRY/ASSEMBLY_TOP" packageHeight="48" >
      <Path lineWidth="0" type="line" >
        <Point x="33" y="27.5" />
        <Point x="59" y="27.5" />
      </Path>
    </Layer>
    <Layer name="PACKAGE GEOMETRY/ASSEMBLY_TOP" packageHeight="48" >
      <Path lineWidth="0" type="line" >
        <Point x="59" y="27.5" />
        <Point x="59" y="47.5" />
      </Path>
    </Layer>
    <Layer name="PACKAGE GEOMETRY/ASSEMBLY_TOP" packageHeight="48" >
      <Path lineWidth="0" type="line" >
        <Point x="59" y="47.5" />
        <Point x="33" y="47.5" />
      </Path>
    </Layer>
    <Layer name="PACKAGE GEOMETRY/PLACE_BOUND_TOP" packageHeight="48" packageHeightMin="2">
      <Path lineWidth="6" type="shape" >
        <Point x="-37" y="-63" />
        <Point x="-37" y="-51.5" />
        <Point x="-69" y="-51.5" />
        <Point x="-69" y="51.5" />
        <Point x="-37" y="51.5" />
        <Point x="-37" y="63" />
        <Point x="37" y="63" />
        <Point x="37" y="51.5" />
        <Point x="69" y="51.5" />
        <Point x="69" y="-51.5" />
        <Point x="37" y="-51.5" />
        <Point x="37" y="-63" />
        <Point x="-37" y="-63" />
      </Path>
    </Layer>
    <Layer name="MANUFACTURING/NO_PROBE_TOP" packageHeight="48" >
      <Path lineWidth="6" type="shape" >
        <Point x="84" y="78" />
        <Point x="-84" y="78" />
        <Point x="-84" y="-78" />
        <Point x="84" y="-78" />
        <Point x="84" y="78" />
      </Path>
    </Layer>
    <Layer name="REF DES/SILKSCREEN_TOP" packageHeight="48" >
      <Label layer="REF DES/SILKSCREEN_TOP" textBlock="3" angle="0" x="0" y="-25" text="Ref" justify="center" />
    </Layer>
    <Layer name="DEVICE TYPE/SILKSCREEN_TOP" packageHeight="48" >
      <Label layer="DEVICE TYPE/SILKSCREEN_TOP" textBlock="3" angle="0" x="0" y="-25" text="Dev" justify="center" />
    </Layer>
    <Layer name="USER PART NUMBER/SILKSCREEN_TOP" packageHeight="48" >
      <Label layer="USER PART NUMBER/SILKSCREEN_TOP" textBlock="3" angle="0" x="0" y="-25" text="PN" justify="center" />
    </Layer>
    <Layer name="DEVICE TYPE/ASSEMBLY_TOP" packageHeight="48" >
      <Label layer="DEVICE TYPE/ASSEMBLY_TOP" textBlock="3" angle="0" x="0" y="-25" text="DEV" justify="center" />
    </Layer>
    <Layer name="COMPONENT VALUE/SILKSCREEN_TOP" packageHeight="48" >
      <Label layer="COMPONENT VALUE/SILKSCREEN_TOP" textBlock="3" angle="0" x="0" y="-25" text="VAL" justify="center" />
    </Layer>
    <Layer name="TOLERANCE/SILKSCREEN_TOP" packageHeight="48" >
      <Label layer="TOLERANCE/SILKSCREEN_TOP" textBlock="3" angle="0" x="0" y="-25" text="TOL" justify="center" />
    </Layer>
    <Layer name="REF DES/ASSEMBLY_TOP" packageHeight="48" >
      <Label layer="REF DES/ASSEMBLY_TOP" textBlock="3" angle="0" x="0" y="-25" text="Ref" justify="center" />
    </Layer>
    <Layer name="PACKAGE GEOMETRY/ASSEMBLY_TOP" packageHeight="48" >
      <Label layer="PACKAGE GEOMETRY/ASSEMBLY_TOP" textBlock="3" angle="0" x="-23" y="92.5" text="*" justify="center" />
    </Layer>
    <Layer name="PACKAGE GEOMETRY/SILKSCREEN_TOP" packageHeight="48" >
      <Label layer="PACKAGE GEOMETRY/SILKSCREEN_TOP" textBlock="3" angle="0" x="-56" y="112.5" text="*" justify="center" />
    </Layer>
    <Layer name="PACKAGE GEOMETRY/SILKSCREEN_TOP" packageHeight="48" >
      <Path lineWidth="6" type="line" >
        <Point x="-38" y="-64" />
        <Point x="38" y="-64" />
      </Path>
    </Layer>
    <Layer name="PACKAGE GEOMETRY/SILKSCREEN_TOP" packageHeight="48" >
      <Path lineWidth="6" type="line" >
        <Point x="38" y="-14.4" />
        <Point x="38" y="14.4" />
      </Path>
    </Layer>
    <Layer name="PACKAGE GEOMETRY/SILKSCREEN_TOP" packageHeight="48" >
      <Path lineWidth="6" type="line" >
        <Point x="38" y="64" />
        <Point x="-38" y="64" />
      </Path>
    </Layer>
    <Layer name="PACKAGE GEOMETRY/ASSEMBLY_TOP" packageHeight="48" >
      <Path lineWidth="0" type="line" >
        <Point x="-33" y="-59" />
        <Point x="33" y="-59" />
      </Path>
    </Layer>
    <Layer name="PACKAGE GEOMETRY/ASSEMBLY_TOP" packageHeight="48" >
      <Path lineWidth="0" type="line" >
        <Point x="33" y="-59" />
        <Point x="33" y="59" />
      </Path>
    </Layer>
    <Layer name="PACKAGE GEOMETRY/ASSEMBLY_TOP" packageHeight="48" >
      <Path lineWidth="0" type="line" >
        <Point x="33" y="59" />
        <Point x="-33" y="59" />
      </Path>
    </Layer>
    <Layer name="PACKAGE GEOMETRY/ASSEMBLY_TOP" packageHeight="48" >
      <Path lineWidth="0" type="line" >
        <Point x="-33" y="59" />
        <Point x="-33" y="-59" />
      </Path>
    </Layer>
  </Layers>
</Footprint>
