<Footprint name="CONN6_640456-6" >
  <Units type="mils" precision="3" />
  <Extents minX="-3355" minY="-2785" width="4825" height="4380" />
  <Padstack name="EX60Y60D40P" type="through-hole" > 
    <Hole plating="plated" >
      <Drill figure="circle" diameter="40" width="40" height="40" />
    </Hole>
    <Symbol figure="Triangle" diameter="40" width="40" height="40" drillChars="n" />
    <Layers>
      <Layer name="TOP" >
        <Pad shape="circle" width="60" height="60" /> 
      </Layer>
      <Layer name="PASTEMASK_TOP" >
        <Pad shape="circle" width="60" height="60" /> 
      </Layer>
      <Layer name="SOLDERMASK_TOP" >
        <Pad shape="circle" width="60" height="60" /> 
      </Layer>
      <Layer name="BOTTOM" >
        <Pad shape="circle" width="60" height="60" /> 
      </Layer>
      <Layer name="SOLDERMASK_BOTTOM" >
        <Pad shape="circle" width="60" height="60" /> 
      </Layer>
      <Layer name="default_internal" >
        <Pad shape="circle" width="60" height="60" /> 
      </Layer>
    </Layers>
  </Padstack>

  <Padstack name="EX60Y60D40P" type="through-hole" > 
    <Hole plating="plated" >
      <Drill figure="circle" diameter="40" width="40" height="40" />
    </Hole>
    <Symbol figure="Triangle" diameter="40" width="40" height="40" drillChars="n" />
    <Layers>
      <Layer name="TOP" >
        <Pad shape="circle" width="60" height="60" /> 
      </Layer>
      <Layer name="PASTEMASK_TOP" >
        <Pad shape="circle" width="60" height="60" /> 
      </Layer>
      <Layer name="SOLDERMASK_TOP" >
        <Pad shape="circle" width="60" height="60" /> 
      </Layer>
      <Layer name="BOTTOM" >
        <Pad shape="circle" width="60" height="60" /> 
      </Layer>
      <Layer name="SOLDERMASK_BOTTOM" >
        <Pad shape="circle" width="60" height="60" /> 
      </Layer>
      <Layer name="default_internal" >
        <Pad shape="circle" width="60" height="60" /> 
      </Layer>
    </Layers>
  </Padstack>
  <TextBlocks>
    <TextBlock name="17" width="6.25" height="25" lineSpacing="25" characterSpacing="6.25" /> 
  </TextBlocks>

  <Pins>
    <Pin number="1" padName="EX60Y60D40P" originX="0" originY="0" rotation="0" isMechanical="no" textBlockName="17" />
    <Pin number="2" padName="EX60Y60D40P" originX="-100" originY="0" rotation="0" isMechanical="no" textBlockName="17" />
    <Pin number="3" padName="EX60Y60D40P" originX="-200" originY="0" rotation="0" isMechanical="no" textBlockName="17" />
    <Pin number="4" padName="EX60Y60D40P" originX="-300" originY="0" rotation="0" isMechanical="no" textBlockName="17" />
    <Pin number="5" padName="EX60Y60D40P" originX="-400" originY="0" rotation="0" isMechanical="no" textBlockName="17" />
    <Pin number="6" padName="EX60Y60D40P" originX="-500" originY="0" rotation="0" isMechanical="no" textBlockName="17" />
  </Pins>
  <Vias>
  </Vias>
  <Layers>
    <Layer name="PACKAGE GEOMETRY/PLACE_BOUND_TOP" packageHeight="225" packageHeightMin="0">
      <Path lineWidth="6" type="shape" >
        <Point x="-560" y="135" />
        <Point x="-560" y="-110" />
        <Point x="60" y="-110" />
        <Point x="60" y="135" />
        <Point x="-560" y="135" />
      </Path>
    </Layer>
    <Layer name="MANUFACTURING/NO_PROBE_TOP" packageHeight="225" >
      <Path lineWidth="6" type="shape" >
        <Point x="65" y="140" />
        <Point x="65" y="-115" />
        <Point x="-565" y="-115" />
        <Point x="-565" y="140" />
        <Point x="65" y="140" />
      </Path>
    </Layer>
    <Layer name="REF DES/SILKSCREEN_TOP" packageHeight="225" >
      <Label layer="REF DES/SILKSCREEN_TOP" textBlock="3" angle="0" x="-250" y="-25" text="Ref" justify="center" />
    </Layer>
    <Layer name="DEVICE TYPE/SILKSCREEN_TOP" packageHeight="225" >
      <Label layer="DEVICE TYPE/SILKSCREEN_TOP" textBlock="3" angle="0" x="-250" y="-25" text="Dev" justify="center" />
    </Layer>
    <Layer name="USER PART NUMBER/SILKSCREEN_TOP" packageHeight="225" >
      <Label layer="USER PART NUMBER/SILKSCREEN_TOP" textBlock="3" angle="0" x="-250" y="-25" text="PN" justify="center" />
    </Layer>
    <Layer name="DEVICE TYPE/ASSEMBLY_TOP" packageHeight="225" >
      <Label layer="DEVICE TYPE/ASSEMBLY_TOP" textBlock="3" angle="0" x="-250" y="-25" text="DEV" justify="center" />
    </Layer>
    <Layer name="COMPONENT VALUE/SILKSCREEN_TOP" packageHeight="225" >
      <Label layer="COMPONENT VALUE/SILKSCREEN_TOP" textBlock="3" angle="0" x="-250" y="-25" text="VAL" justify="center" />
    </Layer>
    <Layer name="TOLERANCE/SILKSCREEN_TOP" packageHeight="225" >
      <Label layer="TOLERANCE/SILKSCREEN_TOP" textBlock="3" angle="0" x="-250" y="-25" text="TOL" justify="center" />
    </Layer>
    <Layer name="REF DES/ASSEMBLY_TOP" packageHeight="225" >
      <Label layer="REF DES/ASSEMBLY_TOP" textBlock="3" angle="0" x="-250" y="-25" text="Ref" justify="center" />
    </Layer>
    <Layer name="PACKAGE GEOMETRY/SILKSCREEN_TOP" packageHeight="225" >
      <Circle type="line"  lineWidth="20" originX="80" originY="0" radius="15" > 
    </Layer>
    <Layer name="PACKAGE GEOMETRY/SILKSCREEN_BOTTOM" packageHeight="225" >
      <Circle type="line"  lineWidth="20" originX="80" originY="0" radius="15" > 
    </Layer>
    <Layer name="PACKAGE GEOMETRY/ASSEMBLY_TOP" packageHeight="225" >
      <Circle type="line"  lineWidth="20" originX="0" originY="-75" radius="15" > 
    </Layer>
    <Layer name="PACKAGE GEOMETRY/SILKSCREEN_TOP" packageHeight="225" >
      <Path lineWidth="6" type="line" >
        <Point x="-555" y="-105" />
        <Point x="55" y="-105" />
      </Path>
    </Layer>
    <Layer name="PACKAGE GEOMETRY/SILKSCREEN_TOP" packageHeight="225" >
      <Path lineWidth="6" type="line" >
        <Point x="55" y="-105" />
        <Point x="55" y="130" />
      </Path>
    </Layer>
    <Layer name="PACKAGE GEOMETRY/SILKSCREEN_TOP" packageHeight="225" >
      <Path lineWidth="6" type="line" >
        <Point x="55" y="130" />
        <Point x="-555" y="130" />
      </Path>
    </Layer>
    <Layer name="PACKAGE GEOMETRY/SILKSCREEN_TOP" packageHeight="225" >
      <Path lineWidth="6" type="line" >
        <Point x="-555" y="130" />
        <Point x="-555" y="-105" />
      </Path>
    </Layer>
    <Layer name="PACKAGE GEOMETRY/ASSEMBLY_TOP" packageHeight="225" >
      <Path lineWidth="0" type="line" >
        <Point x="-550" y="-100" />
        <Point x="50" y="-100" />
      </Path>
    </Layer>
    <Layer name="PACKAGE GEOMETRY/ASSEMBLY_TOP" packageHeight="225" >
      <Path lineWidth="0" type="line" >
        <Point x="50" y="-100" />
        <Point x="50" y="125" />
      </Path>
    </Layer>
    <Layer name="PACKAGE GEOMETRY/ASSEMBLY_TOP" packageHeight="225" >
      <Path lineWidth="0" type="line" >
        <Point x="50" y="125" />
        <Point x="-550" y="125" />
      </Path>
    </Layer>
    <Layer name="PACKAGE GEOMETRY/ASSEMBLY_TOP" packageHeight="225" >
      <Path lineWidth="0" type="line" >
        <Point x="-550" y="125" />
        <Point x="-550" y="-100" />
      </Path>
    </Layer>
  </Layers>
</Footprint>
