<Footprint name="67996-104HLF" >
  <Units type="mils" precision="3" />
  <Extents minX="-2750" minY="-2545" width="4080" height="3890" />
  <Padstack name="SX60Y60D40P" type="through-hole" > 
    <Hole plating="plated" >
      <Drill figure="circle" diameter="38" width="38" height="38" />
    </Hole>
    <Symbol figure="Triangle" diameter="40" width="40" height="40" drillChars="l" />
    <Layers>
      <Layer name="TOP" >
        <Pad shape="square" width="60" height="60" /> 
      </Layer>
      <Layer name="SOLDERMASK_TOP" >
        <Pad shape="square" width="60" height="60" /> 
      </Layer>
      <Layer name="BOTTOM" >
        <Pad shape="square" width="60" height="60" /> 
      </Layer>
      <Layer name="SOLDERMASK_BOTTOM" >
        <Pad shape="square" width="60" height="60" /> 
      </Layer>
      <Layer name="default_internal" >
        <Pad shape="square" width="60" height="60" /> 
      </Layer>
    </Layers>
  </Padstack>
  <Padstack name="EX60Y60D40P" type="through-hole" > 
    <Hole plating="plated" >
      <Drill figure="circle" diameter="40" width="40" height="40" />
    </Hole>
    <Symbol figure="Triangle" diameter="40" width="40" height="40" drillChars="n" />
    <Layers>
      <Layer name="TOP" >
        <Pad shape="circle" width="60" height="60" /> 
      </Layer>
      <Layer name="SOLDERMASK_TOP" >
        <Pad shape="circle" width="60" height="60" /> 
      </Layer>
      <Layer name="BOTTOM" >
        <Pad shape="circle" width="60" height="60" /> 
      </Layer>
      <Layer name="SOLDERMASK_BOTTOM" >
        <Pad shape="circle" width="60" height="60" /> 
      </Layer>
      <Layer name="default_internal" >
        <Pad shape="circle" width="60" height="60" /> 
      </Layer>
    </Layers>
  </Padstack>

  <Padstack name="SX60Y60D40P" type="through-hole" > 
    <Hole plating="plated" >
      <Drill figure="circle" diameter="38" width="38" height="38" />
    </Hole>
    <Symbol figure="Triangle" diameter="40" width="40" height="40" drillChars="l" />
    <Layers>
      <Layer name="TOP" >
        <Pad shape="square" width="60" height="60" /> 
      </Layer>
      <Layer name="SOLDERMASK_TOP" >
        <Pad shape="square" width="60" height="60" /> 
      </Layer>
      <Layer name="BOTTOM" >
        <Pad shape="square" width="60" height="60" /> 
      </Layer>
      <Layer name="SOLDERMASK_BOTTOM" >
        <Pad shape="square" width="60" height="60" /> 
      </Layer>
      <Layer name="default_internal" >
        <Pad shape="square" width="60" height="60" /> 
      </Layer>
    </Layers>
  </Padstack>
  <Padstack name="EX60Y60D40P" type="through-hole" > 
    <Hole plating="plated" >
      <Drill figure="circle" diameter="40" width="40" height="40" />
    </Hole>
    <Symbol figure="Triangle" diameter="40" width="40" height="40" drillChars="n" />
    <Layers>
      <Layer name="TOP" >
        <Pad shape="circle" width="60" height="60" /> 
      </Layer>
      <Layer name="SOLDERMASK_TOP" >
        <Pad shape="circle" width="60" height="60" /> 
      </Layer>
      <Layer name="BOTTOM" >
        <Pad shape="circle" width="60" height="60" /> 
      </Layer>
      <Layer name="SOLDERMASK_BOTTOM" >
        <Pad shape="circle" width="60" height="60" /> 
      </Layer>
      <Layer name="default_internal" >
        <Pad shape="circle" width="60" height="60" /> 
      </Layer>
    </Layers>
  </Padstack>
  <TextBlocks>
    <TextBlock name="17" width="6.25" height="25" lineSpacing="25" characterSpacing="6.25" /> 
  </TextBlocks>

  <Pins>
    <Pin number="A1" padName="SX60Y60D40P" originX="0" originY="0" rotation="0" isMechanical="no" textBlockName="17" />
    <Pin number="A2" padName="EX60Y60D40P" originX="0" originY="100" rotation="0" isMechanical="no" textBlockName="17" />
    <Pin number="B1" padName="EX60Y60D40P" originX="-100" originY="0" rotation="0" isMechanical="no" textBlockName="17" />
    <Pin number="B2" padName="EX60Y60D40P" originX="-100" originY="100" rotation="0" isMechanical="no" textBlockName="17" />
  </Pins>
  <Vias>
  </Vias>
  <Layers>
    <Layer name="PACKAGE GEOMETRY/PLACE_BOUND_TOP" packageHeight="100" packageHeightMin="0">
      <Path lineWidth="6" type="shape" >
        <Point x="-160" y="155" />
        <Point x="-160" y="-55" />
        <Point x="60" y="-55" />
        <Point x="60" y="155" />
        <Point x="-160" y="155" />
      </Path>
    </Layer>
    <Layer name="MANUFACTURING/NO_PROBE_TOP" packageHeight="100" >
      <Path lineWidth="6" type="shape" >
        <Point x="-157.5" y="-52.5" />
        <Point x="-157.5" y="152.5" />
        <Point x="57.5" y="152.5" />
        <Point x="57.5" y="-52.5" />
        <Point x="-157.5" y="-52.5" />
      </Path>
    </Layer>
    <Layer name="REF DES/SILKSCREEN_TOP" packageHeight="100" >
      <Label layer="REF DES/SILKSCREEN_TOP" textBlock="3" angle="0" x="-50" y="25" text="Ref" justify="center" />
    </Layer>
    <Layer name="DEVICE TYPE/SILKSCREEN_TOP" packageHeight="100" >
      <Label layer="DEVICE TYPE/SILKSCREEN_TOP" textBlock="3" angle="0" x="-50" y="25" text="Dev" justify="center" />
    </Layer>
    <Layer name="USER PART NUMBER/SILKSCREEN_TOP" packageHeight="100" >
      <Label layer="USER PART NUMBER/SILKSCREEN_TOP" textBlock="3" angle="0" x="-50" y="25" text="PN" justify="center" />
    </Layer>
    <Layer name="DEVICE TYPE/ASSEMBLY_TOP" packageHeight="100" >
      <Label layer="DEVICE TYPE/ASSEMBLY_TOP" textBlock="3" angle="0" x="-50" y="25" text="DEV" justify="center" />
    </Layer>
    <Layer name="COMPONENT VALUE/SILKSCREEN_TOP" packageHeight="100" >
      <Label layer="COMPONENT VALUE/SILKSCREEN_TOP" textBlock="3" angle="0" x="-50" y="25" text="VAL" justify="center" />
    </Layer>
    <Layer name="TOLERANCE/SILKSCREEN_TOP" packageHeight="100" >
      <Label layer="TOLERANCE/SILKSCREEN_TOP" textBlock="3" angle="0" x="-50" y="25" text="TOL" justify="center" />
    </Layer>
    <Layer name="REF DES/ASSEMBLY_TOP" packageHeight="100" >
      <Label layer="REF DES/ASSEMBLY_TOP" textBlock="3" angle="0" x="-50" y="25" text="Ref" justify="center" />
    </Layer>
    <Layer name="PACKAGE GEOMETRY/SILKSCREEN_TOP" packageHeight="100" >
      <Circle type="line"  lineWidth="20" originX="0" originY="-78" radius="10" > 
    </Layer>
    <Layer name="PACKAGE GEOMETRY/ASSEMBLY_TOP" packageHeight="100" >
      <Circle type="line"  lineWidth="0" originX="0" originY="-30" radius="10" > 
    </Layer>
    <Layer name="PACKAGE GEOMETRY/SILKSCREEN_TOP" packageHeight="100" >
      <Path lineWidth="6" type="line" >
        <Point x="-155" y="-50" />
        <Point x="55" y="-50" />
      </Path>
    </Layer>
    <Layer name="PACKAGE GEOMETRY/SILKSCREEN_TOP" packageHeight="100" >
      <Path lineWidth="6" type="line" >
        <Point x="55" y="-50" />
        <Point x="55" y="150" />
      </Path>
    </Layer>
    <Layer name="PACKAGE GEOMETRY/SILKSCREEN_TOP" packageHeight="100" >
      <Path lineWidth="6" type="line" >
        <Point x="55" y="150" />
        <Point x="-155" y="150" />
      </Path>
    </Layer>
    <Layer name="PACKAGE GEOMETRY/SILKSCREEN_TOP" packageHeight="100" >
      <Path lineWidth="6" type="line" >
        <Point x="-155" y="150" />
        <Point x="-155" y="-50" />
      </Path>
    </Layer>
    <Layer name="PACKAGE GEOMETRY/ASSEMBLY_TOP" packageHeight="100" >
      <Path lineWidth="0" type="line" >
        <Point x="-150" y="-45" />
        <Point x="50" y="-45" />
      </Path>
    </Layer>
    <Layer name="PACKAGE GEOMETRY/ASSEMBLY_TOP" packageHeight="100" >
      <Path lineWidth="0" type="line" >
        <Point x="50" y="-45" />
        <Point x="50" y="145" />
      </Path>
    </Layer>
    <Layer name="PACKAGE GEOMETRY/ASSEMBLY_TOP" packageHeight="100" >
      <Path lineWidth="0" type="line" >
        <Point x="50" y="145" />
        <Point x="-150" y="145" />
      </Path>
    </Layer>
    <Layer name="PACKAGE GEOMETRY/ASSEMBLY_TOP" packageHeight="100" >
      <Path lineWidth="0" type="line" >
        <Point x="-150" y="145" />
        <Point x="-150" y="-45" />
      </Path>
    </Layer>
  </Layers>
</Footprint>
