<Footprint name="SOT-23" >
  <Units type="mils" precision="3" />
  <Extents minX="-2505.03935241699" minY="-2538.21258544922" width="4060.07870483398" height="4193.77166748047" />
  <Padstack name="RX32Y35D0T" type="single" > 
    <Layers>
      <Layer name="TOP" >
        <Pad shape="rectangle" width="32" height="35" /> 
      </Layer>
      <Layer name="PASTEMASK_TOP" >
        <Pad shape="rectangle" width="32" height="35" /> 
      </Layer>
      <Layer name="SOLDERMASK_TOP" >
        <Pad shape="rectangle" width="32" height="35" /> 
      </Layer>
    </Layers>
  </Padstack>

  <Padstack name="RX32Y35D0T" type="single" > 
    <Layers>
      <Layer name="TOP" >
        <Pad shape="rectangle" width="32" height="35" /> 
      </Layer>
      <Layer name="PASTEMASK_TOP" >
        <Pad shape="rectangle" width="32" height="35" /> 
      </Layer>
      <Layer name="SOLDERMASK_TOP" >
        <Pad shape="rectangle" width="32" height="35" /> 
      </Layer>
    </Layers>
  </Padstack>
  <TextBlocks>
    <TextBlock name="17" width="6.25" height="25" lineSpacing="25" characterSpacing="6.25" /> 
  </TextBlocks>

  <Pins>
    <Pin number="1" padName="RX32Y35D0T" originX="-40.3543" originY="-37.2047" rotation="0" isMechanical="no" textBlockName="17" />
    <Pin number="2" padName="RX32Y35D0T" originX="40.3543" originY="-37.2047" rotation="0" isMechanical="no" textBlockName="17" />
    <Pin number="3" padName="RX32Y35D0T" originX="0" originY="37.2047" rotation="0" isMechanical="no" textBlockName="17" />
  </Pins>
  <Vias>
  </Vias>
  <Layers>
    <Layer name="PACKAGE GEOMETRY/ASSEMBLY_TOP" packageHeight="43.3071" >
      <Path lineWidth="0" type="line" >
        <Point x="-30.315" y="-27.5591" />
        <Point x="-50.3937" y="-27.5591" />
      </Path>
    </Layer>
    <Layer name="PACKAGE GEOMETRY/ASSEMBLY_TOP" packageHeight="43.3071" >
      <Path lineWidth="0" type="line" >
        <Point x="-50.3937" y="-27.5591" />
        <Point x="-50.3937" y="-49.2126" />
      </Path>
    </Layer>
    <Layer name="PACKAGE GEOMETRY/ASSEMBLY_TOP" packageHeight="43.3071" >
      <Path lineWidth="0" type="line" >
        <Point x="-50.3937" y="-49.2126" />
        <Point x="-30.315" y="-49.2126" />
      </Path>
    </Layer>
    <Layer name="PACKAGE GEOMETRY/ASSEMBLY_TOP" packageHeight="43.3071" >
      <Path lineWidth="0" type="line" >
        <Point x="-30.315" y="-49.2126" />
        <Point x="-30.315" y="-27.5591" />
      </Path>
    </Layer>
    <Layer name="PACKAGE GEOMETRY/ASSEMBLY_TOP" packageHeight="43.3071" >
      <Path lineWidth="0" type="line" >
        <Point x="50.3937" y="-27.5591" />
        <Point x="30.315" y="-27.5591" />
      </Path>
    </Layer>
    <Layer name="PACKAGE GEOMETRY/ASSEMBLY_TOP" packageHeight="43.3071" >
      <Path lineWidth="0" type="line" >
        <Point x="30.315" y="-27.5591" />
        <Point x="30.315" y="-49.2126" />
      </Path>
    </Layer>
    <Layer name="PACKAGE GEOMETRY/ASSEMBLY_TOP" packageHeight="43.3071" >
      <Path lineWidth="0" type="line" >
        <Point x="30.315" y="-49.2126" />
        <Point x="50.3937" y="-49.2126" />
      </Path>
    </Layer>
    <Layer name="PACKAGE GEOMETRY/ASSEMBLY_TOP" packageHeight="43.3071" >
      <Path lineWidth="0" type="line" >
        <Point x="50.3937" y="-49.2126" />
        <Point x="50.3937" y="-27.5591" />
      </Path>
    </Layer>
    <Layer name="PACKAGE GEOMETRY/ASSEMBLY_TOP" packageHeight="43.3071" >
      <Path lineWidth="0" type="line" >
        <Point x="-10.0394" y="27.5591" />
        <Point x="10.0394" y="27.5591" />
      </Path>
    </Layer>
    <Layer name="PACKAGE GEOMETRY/ASSEMBLY_TOP" packageHeight="43.3071" >
      <Path lineWidth="0" type="line" >
        <Point x="10.0394" y="27.5591" />
        <Point x="10.0394" y="49.2126" />
      </Path>
    </Layer>
    <Layer name="PACKAGE GEOMETRY/ASSEMBLY_TOP" packageHeight="43.3071" >
      <Path lineWidth="0" type="line" >
        <Point x="10.0394" y="49.2126" />
        <Point x="-10.0394" y="49.2126" />
      </Path>
    </Layer>
    <Layer name="PACKAGE GEOMETRY/ASSEMBLY_TOP" packageHeight="43.3071" >
      <Path lineWidth="0" type="line" >
        <Point x="-10.0394" y="49.2126" />
        <Point x="-10.0394" y="27.5591" />
      </Path>
    </Layer>
    <Layer name="PACKAGE GEOMETRY/PLACE_BOUND_TOP" packageHeight="43.3071" packageHeightMin="4">
      <Path lineWidth="6" type="shape" >
        <Point x="-70.0394" y="37.5591" />
        <Point x="-20.0394" y="37.5591" />
        <Point x="-20.0394" y="60" />
        <Point x="20" y="60" />
        <Point x="20.0394" y="37.5591" />
        <Point x="70.0394" y="37.5591" />
        <Point x="70.0394" y="-37.5591" />
        <Point x="60.3937" y="-37.5591" />
        <Point x="60.3937" y="-60" />
        <Point x="-60.3937" y="-60" />
        <Point x="-60.3937" y="-37.5591" />
        <Point x="-70.0394" y="-37.5591" />
        <Point x="-70.0394" y="37.5591" />
      </Path>
    </Layer>
    <Layer name="PACKAGE GEOMETRY/PLACE_BOUND_TOP" packageHeight="43.3071" packageHeightMin="4">
      <Path lineWidth="6" type="shape" >
        <Point x="-60.0393" y="-27.5591" />
        <Point x="-60.0393" y="27.5591" />
        <Point x="60.0393" y="27.5591" />
        <Point x="60.0393" y="-27.5591" />
        <Point x="-60.0393" y="-27.5591" />
      </Path>
    </Layer>
    <Layer name="MANUFACTURING/NO_PROBE_TOP" packageHeight="43.3071" >
      <Path lineWidth="6" type="shape" >
        <Point x="85.0394" y="88.2126" />
        <Point x="85.0394" y="-88.2126" />
        <Point x="-85.0394" y="-88.2126" />
        <Point x="-85.0394" y="88.2126" />
        <Point x="85.0394" y="88.2126" />
      </Path>
    </Layer>
    <Layer name="REF DES/SILKSCREEN_TOP" packageHeight="43.3071" >
      <Label layer="REF DES/SILKSCREEN_TOP" textBlock="3" angle="0" x="0" y="-25" text="Ref" justify="center" />
    </Layer>
    <Layer name="DEVICE TYPE/SILKSCREEN_TOP" packageHeight="43.3071" >
      <Label layer="DEVICE TYPE/SILKSCREEN_TOP" textBlock="3" angle="0" x="0" y="-25" text="Dev" justify="center" />
    </Layer>
    <Layer name="USER PART NUMBER/SILKSCREEN_TOP" packageHeight="43.3071" >
      <Label layer="USER PART NUMBER/SILKSCREEN_TOP" textBlock="3" angle="0" x="0" y="-25" text="PN" justify="center" />
    </Layer>
    <Layer name="DEVICE TYPE/ASSEMBLY_TOP" packageHeight="43.3071" >
      <Label layer="DEVICE TYPE/ASSEMBLY_TOP" textBlock="3" angle="0" x="0" y="-25" text="DEV" justify="center" />
    </Layer>
    <Layer name="COMPONENT VALUE/SILKSCREEN_TOP" packageHeight="43.3071" >
      <Label layer="COMPONENT VALUE/SILKSCREEN_TOP" textBlock="3" angle="0" x="0" y="-25" text="VAL" justify="center" />
    </Layer>
    <Layer name="TOLERANCE/SILKSCREEN_TOP" packageHeight="43.3071" >
      <Label layer="TOLERANCE/SILKSCREEN_TOP" textBlock="3" angle="0" x="0" y="-25" text="TOL" justify="center" />
    </Layer>
    <Layer name="REF DES/ASSEMBLY_TOP" packageHeight="43.3071" >
      <Label layer="REF DES/ASSEMBLY_TOP" textBlock="3" angle="0" x="0" y="-25" text="Ref" justify="center" />
    </Layer>
    <Layer name="PACKAGE GEOMETRY/ASSEMBLY_TOP" packageHeight="43.3071" >
      <Circle type="line"  lineWidth="0" originX="-50.0393" originY="-17.5591" radius="5" > 
    </Layer>
    <Layer name="PACKAGE GEOMETRY/SILKSCREEN_TOP" packageHeight="43.3071" >
      <Circle type="line"  lineWidth="6" originX="-110.0394" originY="-49.2126" radius="5" > 
    </Layer>
    <Layer name="PACKAGE GEOMETRY/SILKSCREEN_TOP" packageHeight="43.3071" >
      <Path lineWidth="6" type="line" >
        <Point x="-16.2149" y="-32.5591" />
        <Point x="16.2149" y="-32.5591" />
      </Path>
    </Layer>
    <Layer name="PACKAGE GEOMETRY/SILKSCREEN_TOP" packageHeight="43.3071" >
      <Path lineWidth="6" type="line" >
        <Point x="65.0394" y="-32.5591" />
        <Point x="65.0394" y="32.5591" />
      </Path>
    </Layer>
    <Layer name="PACKAGE GEOMETRY/SILKSCREEN_TOP" packageHeight="43.3071" >
      <Path lineWidth="6" type="line" >
        <Point x="65.0394" y="32.5591" />
        <Point x="24.1394" y="32.5591" />
      </Path>
    </Layer>
    <Layer name="PACKAGE GEOMETRY/SILKSCREEN_TOP" packageHeight="43.3071" >
      <Path lineWidth="6" type="line" >
        <Point x="-65.0394" y="32.5591" />
        <Point x="-65.0394" y="-32.5591" />
      </Path>
    </Layer>
    <Layer name="PACKAGE GEOMETRY/ASSEMBLY_TOP" packageHeight="43.3071" >
      <Path lineWidth="0" type="line" >
        <Point x="-60.0393" y="-27.5591" />
        <Point x="60.0393" y="-27.5591" />
      </Path>
    </Layer>
    <Layer name="PACKAGE GEOMETRY/ASSEMBLY_TOP" packageHeight="43.3071" >
      <Path lineWidth="0" type="line" >
        <Point x="60.0393" y="-27.5591" />
        <Point x="60.0393" y="27.5591" />
      </Path>
    </Layer>
    <Layer name="PACKAGE GEOMETRY/ASSEMBLY_TOP" packageHeight="43.3071" >
      <Path lineWidth="0" type="line" >
        <Point x="60.0393" y="27.5591" />
        <Point x="-60.0393" y="27.5591" />
      </Path>
    </Layer>
    <Layer name="PACKAGE GEOMETRY/ASSEMBLY_TOP" packageHeight="43.3071" >
      <Path lineWidth="0" type="line" >
        <Point x="-60.0393" y="27.5591" />
        <Point x="-60.0393" y="-27.5591" />
      </Path>
    </Layer>
    <Layer name="PACKAGE GEOMETRY/SILKSCREEN_TOP" packageHeight="43.3071" >
      <Path lineWidth="6" type="line" >
        <Point x="-24.1394" y="32.5591" />
        <Point x="-65.0394" y="32.5591" />
      </Path>
    </Layer>
  </Layers>
</Footprint>
