<?xml version="1.0" encoding="UTF-8" standalone="no" ?>
<Lib xmlns:xsd="http://www.w3.org/2001/XMLSchema" xmlns:xsi="http://www.w3.org/2001/XMLSchema-instance" xsi:noNamespaceSchemaLocation="olb.xsd">
 
  <Defn name="2019-10-08_04-58-56.OLB"/>
 
  <Package>
    <Defn alphabeticNumbering="2" isHomogeneous="1" name="SD0805S040S0R5" pcbFootprint="SD0805" pcbLib="" refdesPrefix="CR"/>
    <LibPart>
      <Defn/>
      <NormalView>
        <Defn suffix=".Normal"/>
        <SymbolDisplayProp>
          <Defn locX="10" locY="15" name="Value" rotation="0" textJustification="0"/>
          <PropFont>
            <Defn escapement="0" height="-9" italic="0" name="Arial" orientation="0" weight="400" width="4"/>
          </PropFont>
          <PropColor>
            <Defn val="48"/>
          </PropColor>
          <PropDispType>
            <Defn val="1"/>
          </PropDispType>
        </SymbolDisplayProp>
        <SymbolDisplayProp>
          <Defn locX="10" locY="-18" name="Part Reference" rotation="0" textJustification="0"/>
          <PropFont>
            <Defn escapement="0" height="-9" italic="0" name="Arial" orientation="0" weight="400" width="4"/>
          </PropFont>
          <PropColor>
            <Defn val="48"/>
          </PropColor>
          <PropDispType>
            <Defn val="1"/>
          </PropDispType>
        </SymbolDisplayProp>
        <SymbolUserProp>
          <Defn name="Manufacturer_Part_Number" val="SD0805S040S0R5"/>
        </SymbolUserProp>
        <SymbolUserProp>
          <Defn name="Vendor" val="AVX Corporation"/>
        </SymbolUserProp>
        <SymbolUserProp>
          <Defn name="Built_By" val="EMAULTeam"/>
        </SymbolUserProp>
        <SymbolColor>
          <Defn val="48"/>
        </SymbolColor>
        <SymbolBBox>
          <Defn x1="0" x2="20" y1="0" y2="20"/>
        </SymbolBBox>
        <IsPinNumbersVisible>
          <Defn val="1"/>
        </IsPinNumbersVisible>
        <IsPinNamesRotated>
          <Defn val="1"/>
        </IsPinNamesRotated>
        <IsPinNamesVisible>
          <Defn val="0"/>
        </IsPinNamesVisible>
        <ContentsLibName>
          <Defn name=""/>
        </ContentsLibName>
        <ContentsViewName>
          <Defn name=""/>
        </ContentsViewName>
        <ContentsViewType>
          <Defn type="0"/>
        </ContentsViewType>
        <PartValue>
          <Defn name=""/>
        </PartValue>
        <Reference>
          <Defn name="CR"/>
        </Reference>
        <Line>
          <Defn lineStyle="0" lineWidth="3" x1="0" x2="4" y1="10" y2="10"/>
        </Line>
        <Line>
          <Defn lineStyle="0" lineWidth="3" x1="5" x2="5" y1="2" y2="18"/>
        </Line>
        <Line>
          <Defn lineStyle="0" lineWidth="3" x1="3" x2="5" y1="10" y2="10"/>
        </Line>
        <Line>
          <Defn lineStyle="0" lineWidth="3" x1="15" x2="15" y1="18" y2="2"/>
        </Line>
        <Line>
          <Defn lineStyle="0" lineWidth="3" x1="15" x2="20" y1="10" y2="10"/>
        </Line>
        <Line>
          <Defn lineStyle="0" lineWidth="3" x1="15" x2="5" y1="10" y2="2"/>
        </Line>
        <Line>
          <Defn lineStyle="0" lineWidth="3" x1="5" x2="15" y1="18" y2="10"/>
        </Line>
        <SymbolPinScalar>
          <Defn hotptX="-10" hotptY="10" name="2" position="1" startX="0" startY="10" type="4" visible="1"/>
          <IsLong>
            <Defn val="1"/>
          </IsLong>
          <IsClock>
            <Defn val="0"/>
          </IsClock>
          <IsDot>
            <Defn val="0"/>
          </IsDot>
          <IsLeftPointing>
            <Defn val="0"/>
          </IsLeftPointing>
          <IsRightPointing>
            <Defn val="0"/>
          </IsRightPointing>
          <IsNetStyle>
            <Defn val="0"/>
          </IsNetStyle>
          <IsNoConnect>
            <Defn val="0"/>
          </IsNoConnect>
          <IsGlobal>
            <Defn val="0"/>
          </IsGlobal>
          <IsNumberVisible>
            <Defn val="1"/>
          </IsNumberVisible>
        </SymbolPinScalar>
        <SymbolPinScalar>
          <Defn hotptX="30" hotptY="10" name="1" position="0" startX="20" startY="10" type="4" visible="1"/>
          <IsLong>
            <Defn val="1"/>
          </IsLong>
          <IsClock>
            <Defn val="0"/>
          </IsClock>
          <IsDot>
            <Defn val="0"/>
          </IsDot>
          <IsLeftPointing>
            <Defn val="0"/>
          </IsLeftPointing>
          <IsRightPointing>
            <Defn val="0"/>
          </IsRightPointing>
          <IsNetStyle>
            <Defn val="0"/>
          </IsNetStyle>
          <IsNoConnect>
            <Defn val="0"/>
          </IsNoConnect>
          <IsGlobal>
            <Defn val="0"/>
          </IsGlobal>
          <IsNumberVisible>
            <Defn val="1"/>
          </IsNumberVisible>
        </SymbolPinScalar>
      </NormalView>
      <PhysicalPart>
        <Defn/>
        <PinNumber>
          <Defn number="2" position="1"/>
        </PinNumber>
        <PinNumber>
          <Defn number="1" position="0"/>
        </PinNumber>
      </PhysicalPart>
    </LibPart>
  </Package>
 
</Lib>
